-- 강남구 주요 아파트 시드 데이터 (지도 테스트용)
-- 좌표: WGS84 (EPSG:4326) — ST_SetSRID(ST_MakePoint(경도, 위도), 4326)

-- ─── 1. 아파트 단지 삽입 ───
INSERT INTO apartment_complexes (id, name, address, district, dong, location, total_units, total_buildings, built_year, developer) VALUES
  ('a0000001-0000-0000-0000-000000000001', '압구정 현대(1~10차)', '서울 강남구 압구정동 386', '강남구', '압구정동', ST_SetSRID(ST_MakePoint(127.0286, 37.5270), 4326), 5040, 50, 1976, '현대건설'),
  ('a0000001-0000-0000-0000-000000000002', '압구정 현대(11~14차)', '서울 강남구 압구정동 390', '강남구', '압구정동', ST_SetSRID(ST_MakePoint(127.0310, 37.5265), 4326), 1924, 20, 1982, '현대건설'),
  ('a0000001-0000-0000-0000-000000000003', '압구정 한양', '서울 강남구 압구정동 467', '강남구', '압구정동', ST_SetSRID(ST_MakePoint(127.0255, 37.5260), 4326), 2856, 31, 1978, '한양'),
  ('a0000001-0000-0000-0000-000000000004', '대치 은마', '서울 강남구 대치동 은마아파트', '강남구', '대치동', ST_SetSRID(ST_MakePoint(127.0570, 37.5010), 4326), 4424, 28, 1979, '극동건설'),
  ('a0000001-0000-0000-0000-000000000005', '도곡 렉슬', '서울 강남구 도곡동 467-6', '강남구', '도곡동', ST_SetSRID(ST_MakePoint(127.0470, 37.4900), 4326), 1267, 14, 2003, '삼성물산'),
  ('a0000001-0000-0000-0000-000000000006', '개포 주공1단지', '서울 강남구 개포동 12', '강남구', '개포동', ST_SetSRID(ST_MakePoint(127.0490, 37.4830), 4326), 5040, 65, 1982, '주택공사'),
  ('a0000001-0000-0000-0000-000000000007', '래미안 대치팰리스', '서울 강남구 대치동 316', '강남구', '대치동', ST_SetSRID(ST_MakePoint(127.0630, 37.4990), 4326), 1608, 14, 2004, '삼성물산'),
  ('a0000001-0000-0000-0000-000000000008', '타워팰리스(1~3차)', '서울 강남구 도곡동 938', '강남구', '도곡동', ST_SetSRID(ST_MakePoint(127.0400, 37.4890), 4326), 2664, 6, 2004, '삼성물산'),
  ('a0000001-0000-0000-0000-000000000009', '삼성동 아이파크', '서울 강남구 삼성동 30', '강남구', '삼성동', ST_SetSRID(ST_MakePoint(127.0590, 37.5130), 4326), 684, 7, 2004, 'HDC현대산업개발'),
  ('a0000001-0000-0000-0000-000000000010', '청담 래미안로이뷰', '서울 강남구 청담동 134', '강남구', '청담동', ST_SetSRID(ST_MakePoint(127.0500, 37.5210), 4326), 240, 4, 2013, '삼성물산'),
  ('a0000001-0000-0000-0000-000000000011', '반포 자이', '서울 서초구 반포동 20-45', '서초구', '반포동', ST_SetSRID(ST_MakePoint(127.0070, 37.5070), 4326), 3410, 39, 2009, 'GS건설'),
  ('a0000001-0000-0000-0000-000000000012', '반포 래미안 퍼스티지', '서울 서초구 반포동 18-2', '서초구', '반포동', ST_SetSRID(ST_MakePoint(127.0040, 37.5050), 4326), 2444, 28, 2009, '삼성물산'),
  ('a0000001-0000-0000-0000-000000000013', '아크로리버파크', '서울 서초구 반포동 1-1', '서초구', '반포동', ST_SetSRID(ST_MakePoint(127.0100, 37.5100), 4326), 1612, 15, 2016, '대림산업'),
  ('a0000001-0000-0000-0000-000000000014', '잠원 한신', '서울 서초구 잠원동 60', '서초구', '잠원동', ST_SetSRID(ST_MakePoint(127.0130, 37.5150), 4326), 900, 10, 1982, '한신공영'),
  ('a0000001-0000-0000-0000-000000000015', '서초 래미안', '서울 서초구 서초동 1337', '서초구', '서초동', ST_SetSRID(ST_MakePoint(127.0200, 37.4920), 4326), 864, 12, 2008, '삼성물산'),
  ('a0000001-0000-0000-0000-000000000016', '잠실 엘스', '서울 송파구 잠실동 40', '송파구', '잠실동', ST_SetSRID(ST_MakePoint(127.0810, 37.5100), 4326), 3540, 42, 2008, '삼성물산'),
  ('a0000001-0000-0000-0000-000000000017', '잠실 리센츠', '서울 송파구 잠실동 7-13', '송파구', '잠실동', ST_SetSRID(ST_MakePoint(127.0850, 37.5080), 4326), 5563, 44, 2008, '현대건설'),
  ('a0000001-0000-0000-0000-000000000018', '잠실 트리지움', '서울 송파구 잠실동 19-2', '송파구', '잠실동', ST_SetSRID(ST_MakePoint(127.0830, 37.5120), 4326), 3696, 33, 2008, '대우건설'),
  ('a0000001-0000-0000-0000-000000000019', '잠실 주공5단지(레이크팰리스)', '서울 송파구 잠실동 5', '송파구', '잠실동', ST_SetSRID(ST_MakePoint(127.0780, 37.5140), 4326), 3930, 35, 1978, '주택공사'),
  ('a0000001-0000-0000-0000-000000000020', '헬리오시티', '서울 송파구 가락동 98', '송파구', '가락동', ST_SetSRID(ST_MakePoint(127.1080, 37.4960), 4326), 9510, 84, 2018, '삼성물산'),
  ('a0000001-0000-0000-0000-000000000021', '래미안 원베일리', '서울 서초구 반포동 1-200', '서초구', '반포동', ST_SetSRID(ST_MakePoint(127.0090, 37.5080), 4326), 2990, 22, 2023, '삼성물산'),
  ('a0000001-0000-0000-0000-000000000022', '디에이치 아너힐즈', '서울 강남구 개포동 660', '강남구', '개포동', ST_SetSRID(ST_MakePoint(127.0500, 37.4850), 4326), 1228, 12, 2023, '현대건설'),
  ('a0000001-0000-0000-0000-000000000023', '래미안 블레스티지', '서울 강남구 개포동 661', '강남구', '개포동', ST_SetSRID(ST_MakePoint(127.0520, 37.4840), 4326), 1957, 19, 2024, '삼성물산'),
  ('a0000001-0000-0000-0000-000000000024', '청담 아이파크', '서울 강남구 청담동 46', '강남구', '청담동', ST_SetSRID(ST_MakePoint(127.0480, 37.5240), 4326), 165, 2, 2010, 'HDC현대산업개발'),
  ('a0000001-0000-0000-0000-000000000025', '대치 래미안', '서울 강남구 대치동 966', '강남구', '대치동', ST_SetSRID(ST_MakePoint(127.0600, 37.5030), 4326), 586, 8, 2002, '삼성물산'),
  ('a0000001-0000-0000-0000-000000000026', '도곡 삼성래미안', '서울 강남구 도곡동 177', '강남구', '도곡동', ST_SetSRID(ST_MakePoint(127.0450, 37.4910), 4326), 576, 8, 2001, '삼성물산'),
  ('a0000001-0000-0000-0000-000000000027', '일원 삼성래미안', '서울 강남구 일원동 715', '강남구', '일원동', ST_SetSRID(ST_MakePoint(127.0800, 37.4860), 4326), 1152, 12, 2003, '삼성물산'),
  ('a0000001-0000-0000-0000-000000000028', '수서 삼익', '서울 강남구 수서동 717', '강남구', '수서동', ST_SetSRID(ST_MakePoint(127.0960, 37.4870), 4326), 1164, 14, 1992, '삼익주택'),
  ('a0000001-0000-0000-0000-000000000029', '논현 아이파크', '서울 강남구 논현동 230', '강남구', '논현동', ST_SetSRID(ST_MakePoint(127.0350, 37.5180), 4326), 380, 5, 2003, 'HDC현대산업개발'),
  ('a0000001-0000-0000-0000-000000000030', '역삼 래미안', '서울 강남구 역삼동 677', '강남구', '역삼동', ST_SetSRID(ST_MakePoint(127.0380, 37.5040), 4326), 564, 8, 2003, '삼성물산');

-- ─── 2. 시세 데이터 삽입 (최근 2개월) ───
-- 최신 시세 + 이전 시세로 변동률 계산 가능하게 2건씩 삽입
INSERT INTO price_data (complex_id, area_sqm, price, price_type, recorded_at, floor, source) VALUES
  ('a0000001-0000-0000-0000-000000000001', 196.00, 6830000000, 'trade', '2026-03-01', 12, 'seed'),
  ('a0000001-0000-0000-0000-000000000001', 196.00, 6500000000, 'trade', '2026-01-15', 8, 'seed'),
  ('a0000001-0000-0000-0000-000000000002', 182.00, 6560000000, 'trade', '2026-03-05', 10, 'seed'),
  ('a0000001-0000-0000-0000-000000000002', 182.00, 6200000000, 'trade', '2026-01-20', 6, 'seed'),
  ('a0000001-0000-0000-0000-000000000003', 173.00, 5800000000, 'trade', '2026-03-02', 9, 'seed'),
  ('a0000001-0000-0000-0000-000000000003', 173.00, 5600000000, 'trade', '2026-01-10', 7, 'seed'),
  ('a0000001-0000-0000-0000-000000000004', 84.43, 2950000000, 'trade', '2026-03-03', 5, 'seed'),
  ('a0000001-0000-0000-0000-000000000004', 84.43, 2800000000, 'trade', '2026-01-18', 3, 'seed'),
  ('a0000001-0000-0000-0000-000000000005', 122.00, 4200000000, 'trade', '2026-03-04', 15, 'seed'),
  ('a0000001-0000-0000-0000-000000000005', 122.00, 4050000000, 'trade', '2026-01-25', 11, 'seed'),
  ('a0000001-0000-0000-0000-000000000006', 50.00, 1950000000, 'trade', '2026-03-01', 4, 'seed'),
  ('a0000001-0000-0000-0000-000000000006', 50.00, 1880000000, 'trade', '2026-01-12', 2, 'seed'),
  ('a0000001-0000-0000-0000-000000000007', 114.00, 3800000000, 'trade', '2026-03-05', 18, 'seed'),
  ('a0000001-0000-0000-0000-000000000007', 114.00, 3650000000, 'trade', '2026-01-22', 14, 'seed'),
  ('a0000001-0000-0000-0000-000000000008', 244.00, 7920000000, 'trade', '2026-03-02', 45, 'seed'),
  ('a0000001-0000-0000-0000-000000000008', 244.00, 7500000000, 'trade', '2026-01-08', 38, 'seed'),
  ('a0000001-0000-0000-0000-000000000009', 160.00, 5100000000, 'trade', '2026-03-03', 20, 'seed'),
  ('a0000001-0000-0000-0000-000000000009', 160.00, 5050000000, 'trade', '2026-01-15', 16, 'seed'),
  ('a0000001-0000-0000-0000-000000000010', 183.00, 5800000000, 'trade', '2026-03-01', 8, 'seed'),
  ('a0000001-0000-0000-0000-000000000010', 183.00, 5900000000, 'trade', '2026-01-20', 6, 'seed'),
  ('a0000001-0000-0000-0000-000000000011', 112.00, 4700000000, 'trade', '2026-03-04', 22, 'seed'),
  ('a0000001-0000-0000-0000-000000000011', 112.00, 4500000000, 'trade', '2026-01-18', 18, 'seed'),
  ('a0000001-0000-0000-0000-000000000012', 113.00, 4500000000, 'trade', '2026-03-03', 20, 'seed'),
  ('a0000001-0000-0000-0000-000000000012', 113.00, 4350000000, 'trade', '2026-01-10', 15, 'seed'),
  ('a0000001-0000-0000-0000-000000000013', 129.00, 5500000000, 'trade', '2026-03-05', 25, 'seed'),
  ('a0000001-0000-0000-0000-000000000013', 129.00, 5200000000, 'trade', '2026-01-22', 20, 'seed'),
  ('a0000001-0000-0000-0000-000000000014', 84.00, 2200000000, 'trade', '2026-03-01', 6, 'seed'),
  ('a0000001-0000-0000-0000-000000000014', 84.00, 2250000000, 'trade', '2026-01-12', 4, 'seed'),
  ('a0000001-0000-0000-0000-000000000015', 114.00, 3200000000, 'trade', '2026-03-02', 10, 'seed'),
  ('a0000001-0000-0000-0000-000000000015', 114.00, 3100000000, 'trade', '2026-01-08', 8, 'seed'),
  ('a0000001-0000-0000-0000-000000000016', 84.82, 2700000000, 'trade', '2026-03-04', 15, 'seed'),
  ('a0000001-0000-0000-0000-000000000016', 84.82, 2600000000, 'trade', '2026-01-20', 12, 'seed'),
  ('a0000001-0000-0000-0000-000000000017', 84.97, 2650000000, 'trade', '2026-03-03', 18, 'seed'),
  ('a0000001-0000-0000-0000-000000000017', 84.97, 2550000000, 'trade', '2026-01-15', 14, 'seed'),
  ('a0000001-0000-0000-0000-000000000018', 84.92, 2600000000, 'trade', '2026-03-05', 16, 'seed'),
  ('a0000001-0000-0000-0000-000000000018', 84.92, 2500000000, 'trade', '2026-01-22', 13, 'seed'),
  ('a0000001-0000-0000-0000-000000000019', 76.49, 2450000000, 'trade', '2026-03-01', 8, 'seed'),
  ('a0000001-0000-0000-0000-000000000019', 76.49, 2350000000, 'trade', '2026-01-10', 5, 'seed'),
  ('a0000001-0000-0000-0000-000000000020', 84.98, 1850000000, 'trade', '2026-03-04', 28, 'seed'),
  ('a0000001-0000-0000-0000-000000000020', 84.98, 1780000000, 'trade', '2026-01-18', 22, 'seed'),
  ('a0000001-0000-0000-0000-000000000021', 84.00, 4900000000, 'trade', '2026-03-02', 30, 'seed'),
  ('a0000001-0000-0000-0000-000000000021', 84.00, 4700000000, 'trade', '2026-01-12', 25, 'seed'),
  ('a0000001-0000-0000-0000-000000000022', 84.00, 3100000000, 'trade', '2026-03-05', 18, 'seed'),
  ('a0000001-0000-0000-0000-000000000022', 84.00, 2950000000, 'trade', '2026-01-08', 14, 'seed'),
  ('a0000001-0000-0000-0000-000000000023', 84.00, 2900000000, 'trade', '2026-03-03', 12, 'seed'),
  ('a0000001-0000-0000-0000-000000000023', 84.00, 2800000000, 'trade', '2026-01-20', 9, 'seed'),
  ('a0000001-0000-0000-0000-000000000024', 197.00, 6200000000, 'trade', '2026-03-01', 6, 'seed'),
  ('a0000001-0000-0000-0000-000000000024', 197.00, 6100000000, 'trade', '2026-01-15', 4, 'seed'),
  ('a0000001-0000-0000-0000-000000000025', 114.00, 3400000000, 'trade', '2026-03-04', 8, 'seed'),
  ('a0000001-0000-0000-0000-000000000025', 114.00, 3300000000, 'trade', '2026-01-22', 6, 'seed'),
  ('a0000001-0000-0000-0000-000000000026', 84.00, 2500000000, 'trade', '2026-03-02', 10, 'seed'),
  ('a0000001-0000-0000-0000-000000000026', 84.00, 2400000000, 'trade', '2026-01-10', 7, 'seed'),
  ('a0000001-0000-0000-0000-000000000027', 84.00, 1900000000, 'trade', '2026-03-05', 6, 'seed'),
  ('a0000001-0000-0000-0000-000000000027', 84.00, 1850000000, 'trade', '2026-01-18', 4, 'seed'),
  ('a0000001-0000-0000-0000-000000000028', 66.00, 1500000000, 'trade', '2026-03-01', 5, 'seed'),
  ('a0000001-0000-0000-0000-000000000028', 66.00, 1520000000, 'trade', '2026-01-12', 3, 'seed'),
  ('a0000001-0000-0000-0000-000000000029', 132.00, 3800000000, 'trade', '2026-03-03', 10, 'seed'),
  ('a0000001-0000-0000-0000-000000000029', 132.00, 3700000000, 'trade', '2026-01-08', 8, 'seed'),
  ('a0000001-0000-0000-0000-000000000030', 114.00, 3000000000, 'trade', '2026-03-04', 6, 'seed'),
  ('a0000001-0000-0000-0000-000000000030', 114.00, 2900000000, 'trade', '2026-01-20', 4, 'seed');

-- ─── 3. AI 예측 데이터 삽입 ───
INSERT INTO ai_predictions (complex_id, current_price, predicted_price, prediction_period_months, change_rate, confidence, model_version) VALUES
  ('a0000001-0000-0000-0000-000000000001', 6830000000, 8290000000, 24, 21.4, 0.78, 'v1.0-seed'),
  ('a0000001-0000-0000-0000-000000000002', 6560000000, 7920000000, 24, 20.7, 0.75, 'v1.0-seed'),
  ('a0000001-0000-0000-0000-000000000003', 5800000000, 6960000000, 24, 20.0, 0.73, 'v1.0-seed'),
  ('a0000001-0000-0000-0000-000000000004', 2950000000, 3540000000, 24, 20.0, 0.80, 'v1.0-seed'),
  ('a0000001-0000-0000-0000-000000000005', 4200000000, 4830000000, 24, 15.0, 0.72, 'v1.0-seed'),
  ('a0000001-0000-0000-0000-000000000011', 4700000000, 5640000000, 24, 20.0, 0.82, 'v1.0-seed'),
  ('a0000001-0000-0000-0000-000000000013', 5500000000, 6600000000, 24, 20.0, 0.85, 'v1.0-seed'),
  ('a0000001-0000-0000-0000-000000000016', 2700000000, 3240000000, 24, 20.0, 0.78, 'v1.0-seed'),
  ('a0000001-0000-0000-0000-000000000020', 1850000000, 2220000000, 24, 20.0, 0.76, 'v1.0-seed'),
  ('a0000001-0000-0000-0000-000000000021', 4900000000, 5880000000, 24, 20.0, 0.84, 'v1.0-seed');
